,Student id,Graduation Date
0,97-539-8581,11/25/2020
1,45-828-9619,2/13/2020
2,28-568-8496,12/28/2021
3,58-419-2863,1/5/2020
4,97-888-3245,4/30/2021
5,91-194-7385,1/4/2022
6,76-433-4886,4/17/2021
7,54-802-1641,1/20/2020
8,07-774-7912,4/21/2021
9,50-428-4068,11/5/2020
10,87-225-5769,4/20/2021
11,86-196-7092,12/25/2020
12,96-365-6344,12/24/2019
13,13-896-6940,11/26/2020
14,26-163-1838,12/2/2020
15,44-445-2031,7/17/2020
16,64-388-5770,12/17/2020
17,31-564-5139,3/30/2022
18,99-410-9665,11/9/2020
19,19-544-1448,10/27/2020
20,88-034-9530,6/25/2021
21,84-192-1294,3/18/2022
22,17-669-3149,9/25/2020
23,88-457-7787,12/14/2019
24,37-932-2451,7/18/2020
25,01-982-8496,1/8/2022
26,87-559-4788,6/27/2021
27,42-319-0195,9/24/2021
28,88-318-8382,7/14/2020
29,37-013-3242,4/3/2022
30,48-276-1353,2/9/2021
31,85-605-8707,7/5/2020
32,91-250-8052,4/9/2020
33,30-618-2878,4/26/2021
34,88-079-5302,5/24/2021
35,00-818-9136,11/9/2021
36,99-249-7408,11/17/2020
37,28-634-9406,11/9/2020
38,22-791-6294,2/1/2021
39,16-238-7037,6/25/2021
40,17-878-9710,4/30/2020
41,16-075-1866,6/4/2020
42,57-670-1927,1/19/2021
43,96-303-0369,8/10/2020
44,99-444-5701,2/22/2021
45,95-800-7155,11/8/2021
46,85-615-4310,3/18/2022
47,93-607-7412,9/22/2020
48,92-544-6628,8/6/2020
49,80-828-9899,12/15/2021
50,98-661-7956,1/3/2020
51,81-261-9617,1/28/2021
52,69-394-8841,12/2/2020
53,35-033-8700,7/26/2020
54,12-338-8237,9/10/2021
55,00-820-9932,2/11/2021
56,51-923-4822,8/2/2021
57,18-741-3615,11/5/2020
58,74-389-1755,10/15/2021
59,93-531-4630,10/17/2020
60,63-016-4495,4/1/2022
61,11-269-3694,11/28/2021
62,89-630-8297,4/15/2021
63,46-694-4442,12/13/2020
64,03-854-7923,1/20/2020
65,37-856-2460,3/4/2020
66,81-599-6695,10/29/2021
67,65-231-0073,5/30/2020
68,35-447-2651,2/17/2021
69,34-669-3670,12/3/2020
70,69-797-0834,4/24/2021
71,25-953-4683,4/24/2021
72,97-066-2851,3/28/2021
73,35-906-8082,2/4/2021
74,20-081-4222,3/12/2022
75,30-590-6653,8/5/2021
76,41-192-1558,9/23/2020
77,84-651-2188,2/7/2022
78,91-318-0393,7/5/2021
79,31-670-7604,4/1/2020
80,77-405-9243,1/13/2022
81,66-171-6632,1/14/2021
82,38-650-1543,3/24/2020
83,25-895-7263,5/23/2020
84,36-632-8748,1/25/2020
85,31-215-1250,5/17/2020
86,50-277-5907,10/9/2020
87,41-637-9159,6/9/2020
88,29-388-4131,7/5/2021
89,87-296-3900,4/21/2020
90,53-298-5898,5/7/2020
91,06-009-8590,8/20/2020
92,43-016-0717,9/7/2020
93,54-587-4185,1/23/2021
94,60-203-2756,12/20/2021
95,22-405-8051,1/21/2020
96,35-673-5629,10/26/2020
97,23-428-3235,4/5/2020
98,39-054-5029,2/3/2020
99,25-488-5431,7/21/2020
100,28-328-7773,3/11/2022
101,40-888-6531,10/23/2020
102,29-734-4629,4/8/2021
103,66-434-7059,6/18/2021
104,54-097-7339,1/17/2022
105,46-672-2644,1/2/2020
106,21-647-8265,9/23/2020
107,95-264-7796,12/28/2021
108,31-246-6178,4/21/2021
109,30-473-0288,4/2/2020
110,67-852-2310,11/20/2020
111,00-359-2526,3/15/2022
112,28-482-3032,1/7/2021
113,97-521-7312,7/5/2020
114,66-594-3066,2/15/2022
115,98-282-2730,7/1/2020
116,59-544-4185,7/22/2020
117,62-071-3524,3/26/2022
118,37-041-6339,10/18/2020
119,33-694-5072,8/29/2021
120,49-093-3557,11/20/2021
121,02-615-3265,5/11/2021
122,12-613-4702,2/13/2020
123,42-659-9092,1/12/2021
124,99-827-5318,11/22/2021
125,10-645-3833,1/2/2021
126,54-504-4430,10/18/2021
127,48-847-2557,12/20/2020
128,38-057-8560,10/2/2021
129,89-104-2542,9/12/2020
130,84-712-9047,2/1/2021
131,57-499-7563,6/22/2021
132,50-601-4450,3/8/2021
133,18-750-7536,10/24/2021
134,30-089-6485,12/23/2019
135,15-517-1505,10/18/2021
136,75-399-3709,5/6/2021
137,11-986-7522,2/17/2020
138,79-240-6751,7/13/2021
139,46-974-5801,1/26/2020
140,85-195-3573,10/3/2020
141,12-191-5634,12/27/2020
142,16-911-0984,6/22/2021
143,30-793-2413,7/4/2020
144,60-529-7684,10/2/2020
145,86-238-2460,6/19/2020
146,37-000-9685,11/16/2020
147,66-220-2982,2/17/2022
148,27-833-9969,11/18/2021
149,71-489-2465,3/10/2022
150,41-637-4261,10/30/2021
151,09-437-8370,10/21/2021
152,46-854-2666,6/26/2021
153,61-430-5540,11/21/2021
154,40-855-7486,11/21/2021
155,92-000-4378,1/26/2021
156,63-525-2413,9/1/2021
157,17-589-0937,3/30/2020
158,51-952-1183,9/22/2020
159,33-160-2699,10/2/2021
160,43-311-4435,7/21/2020
161,30-228-3262,4/13/2020
162,69-624-2354,12/17/2021
163,17-774-7203,10/26/2020
164,75-069-3911,10/18/2021
165,37-751-4792,6/24/2021
166,29-253-7549,3/31/2021
167,80-629-1216,12/15/2021
168,78-978-3332,2/1/2021
169,83-169-8286,5/5/2021
170,41-460-2161,10/9/2021
171,88-016-1012,8/4/2020
172,69-628-1045,11/3/2021
173,94-422-4514,2/26/2022
174,03-122-9147,2/5/2020
175,30-709-6387,2/11/2022
176,69-566-7072,9/27/2020
177,17-081-4552,1/25/2021
178,38-792-7923,10/14/2020
179,21-719-6634,2/27/2022
180,11-903-8509,2/29/2020
181,78-342-8444,4/2/2020
182,72-533-7365,12/7/2021
183,32-832-5533,5/22/2020
184,19-140-0543,12/22/2019
185,76-597-2810,9/22/2020
186,85-977-1690,11/16/2021
187,66-129-8928,11/10/2021
188,72-324-8600,10/18/2020
189,38-084-7085,1/8/2021
190,03-792-5071,4/3/2021
191,35-540-4168,12/31/2019
192,97-882-5657,4/3/2020
193,28-436-5957,12/19/2021
194,04-598-7241,8/18/2020
195,52-424-2599,11/25/2021
196,92-783-1007,9/29/2021
197,55-181-2251,2/12/2020
198,26-317-5312,7/27/2020
199,12-884-6218,4/24/2020
200,56-438-3510,12/19/2019
201,84-927-9445,7/29/2021
202,08-786-2012,1/5/2021
203,21-266-0923,3/11/2022
204,88-776-5228,1/15/2020
205,41-641-4515,8/19/2021
206,45-442-3266,2/28/2021
207,02-097-1641,4/4/2021
208,89-364-9682,8/27/2020
209,38-431-5204,1/5/2020
210,02-578-1059,11/17/2020
211,66-296-6126,9/9/2020
212,01-159-4976,4/4/2021
213,93-370-7928,7/18/2020
214,04-960-1758,2/2/2020
215,92-720-6718,9/21/2021
216,71-358-9990,10/31/2021
217,26-535-0396,5/6/2020
218,15-717-5062,1/13/2021
219,71-164-8624,7/17/2020
220,03-465-1821,2/4/2020
221,45-400-9609,7/24/2021
222,14-717-1645,12/27/2019
223,15-308-9692,12/11/2019
224,04-430-2222,5/19/2021
225,66-639-0665,10/9/2020
226,20-511-4779,12/18/2021
227,67-318-7564,6/13/2021
228,23-333-6428,9/23/2020
229,22-001-2216,1/2/2020
230,01-963-2594,11/12/2021
231,22-792-1007,6/18/2020
232,74-575-1189,7/9/2020
233,64-820-7018,7/13/2020
234,67-472-9686,8/26/2021
235,67-801-4458,3/14/2021
236,73-611-2783,8/26/2021
237,13-004-2396,12/7/2021
238,06-682-4426,9/21/2021
239,43-912-5069,10/17/2020
240,68-421-4846,3/16/2020
241,98-814-2561,6/2/2021
242,98-523-9593,3/25/2020
243,50-570-1931,3/26/2022
244,66-656-4820,5/8/2020
245,13-262-2077,1/8/2022
246,74-376-7829,7/4/2020
247,79-459-7624,2/17/2021
248,69-724-6366,10/9/2021
249,97-858-6349,3/15/2020
250,20-659-5669,3/15/2020
251,15-226-0541,6/4/2021
252,16-307-8993,12/27/2020
253,32-039-2882,4/22/2020
254,63-529-5250,10/8/2020
255,60-385-2925,7/8/2020
256,23-169-7930,8/3/2021
257,52-608-2822,4/9/2020
258,90-709-1918,8/27/2021
259,50-678-6513,9/22/2021
260,42-121-4492,1/26/2022
261,99-384-5889,1/8/2020
262,60-520-2023,6/3/2021
263,71-146-6947,2/28/2022
264,09-193-9879,10/2/2020
265,92-405-6610,10/6/2020
266,58-607-7233,2/3/2021
267,63-541-1517,6/21/2021
268,94-459-4955,2/6/2020
269,83-775-6260,7/20/2021
270,81-420-5995,4/26/2021
271,21-092-0668,2/8/2021
272,26-719-5687,10/12/2021
273,97-192-4496,8/15/2020
274,40-825-9864,4/8/2020
275,48-992-7119,3/10/2021
276,59-063-1587,8/15/2021
277,04-825-2966,4/19/2020
278,84-240-0984,5/14/2021
279,16-423-8543,12/30/2019
280,74-834-2710,12/14/2021
281,70-072-5418,3/14/2022
282,40-909-8229,8/12/2020
283,75-059-8273,1/30/2022
284,77-146-2454,9/27/2020
285,28-323-9145,7/21/2020
286,69-611-3628,2/25/2020
287,43-183-6765,11/24/2020
288,73-737-6670,3/11/2021
289,58-696-0411,4/19/2021
290,28-725-5000,11/21/2021
291,65-357-0949,3/12/2022
292,16-009-3294,12/27/2020
293,94-341-7573,11/21/2021
294,27-502-9989,10/14/2021
295,29-559-2681,7/30/2020
296,09-723-2255,7/24/2020
297,22-126-5721,5/24/2020
298,00-108-2490,9/14/2021
299,74-315-6053,2/11/2020
